TIME;OBJ;BOUND
1.686000108718872;1e+100;0.0
1.7030000686645508;1e+100;0.0
