TIME;OBJ
0.5383163;27971.94904504624
1.0362849;27270.577245738452
1.5583029999999995;26446.87957079798
2.4331199999999997;23057.157529758122
2.9236139999999997;20769.988422667757
3.4516701999999997;20592.402301263064
4.0105487;20572.589296888844
4.629359;20570.646213205648
