TIME;OBJ
10.0325375;39413.66337492825
20.2551705;23291.95985241133
32.12662;18689.204719268408
43.0185379;18688.769027071092
