TIME;OBJ
2.8804618;85645.64590312616
5.7463349;77635.85900047405
8.664572499999998;77479.28137044246
11.5702183;75369.42467553834
14.575868199999999;56116.21037702636
17.5172085;38249.4168482268
20.457403799999998;38012.70271413332
