TIME;OBJ;BOUND
1.1670000553131104;1e+100;0.0
1.1790001392364502;1e+100;0.0
80.5460000038147;47174.68391783065;0.0
86.28900003433228;47174.68391783065;0.0
196.98800015449524;47174.68391783065;0.0
