TIME;OBJ
1.6497104;1521.7082296389103
3.0152510999999995;814.8076678820528
4.327616700000001;701.5284016572416
5.819277800000001;622.4697205071853
7.568669600000001;607.0623685996538
9.516964699999999;604.5102020343533
10.919929799999998;604.4469282914116
