;TIME;OBJ
0;0.1435465999966254;76.56595587415445
1;0.1973953999986406;70.6477519205007
