TIME;OBJ
0.05339249999999973;400.96575658298
0.10960629999999982;313.5808504305023
0.16788170000000013;293.3175563347256
0.21496639999999978;275.82272648018727
0.2673795000000001;273.86736819055244
