TIME;OBJ
1.1473341000000001;11862.223789809981
2.1507185;8610.2551327515
3.2174414999999996;8548.428561597895
4.2765125;8534.445312828637
5.332398599999999;8531.215265453877
6.3503293;8531.965680391373
7.3583371;8531.203752949756
8.3835114;8530.580151206594
9.3436422;8530.607920408524
10.3177131;8530.388108571906
