TIME;OBJ
0.11498030000000004;326.15966180785506
0.22641179999999972;326.76167789589937
0.34347780000000006;324.67056333739856
