TIME;OBJ
0.6965040000000045;3651.580949505094
1.3186636000000078;2822.6657213480985
1.9175868000000094;2573.8841101584558
2.5135057000000103;2527.0695293223516
3.1109222000000045;2511.0948758798504
3.722935300000003;2505.4890689288172
4.3193654000000095;2504.926157857796
