TIME;OBJ
0.09144919999971535;512.7315072122666
0.15796559999989768;496.5228702420793
0.21341709999978775;488.70468726729473
0.27139649999980975;477.01295111592566
0.33919239999977435;475.00556070314786
