TIME;OBJ
6.9228462999999465;10658.285968723581
13.634001800000078;9564.704139401238
20.39540920000036;9317.967870291275
27.15827730000001;9178.933444814535
34.026777299999594;9072.071450732814
40.78711000000021;9028.741027129736
47.629950100000315;9010.620435721634
54.37652629999957;8993.124329175673
61.171730500000194;8978.09606305573
67.92951009999979;8965.650140837533
74.69055300000036;8957.449079700888
81.45378530000016;8954.980811492209
88.28791149999961;8954.580290865653
