TIME;OBJ
0.23156760004349053;5036.646795730039
0.47599790000822395;3915.6185429367297
0.7190758000360802;3888.3101024268726
0.9642191000748426;3870.7162833497855
1.2055950000649318;3852.4868957740086
1.4492613000329584;3831.0907214983326
1.6652813999680802;3800.9557641445313
1.8356721000745893;3777.1291474558207
2.0073471000650898;3761.2071265527825
2.1816385000711307;3744.007373797837
2.3494704000186175;3735.0228338831507
2.5259821000508964;3733.29100945011
