TIME;OBJ
0.1404017000022577;1563.572862986795
0.2691654000082053;1120.9109005518646
0.38500790001126006;1055.9602006231937
0.4961016000015661;1025.4935439940734
0.6034518000087701;1019.2067873891623
0.7081227000016952;1013.617742980181
0.8131015999970259;998.8337107706332
0.9166319000069052;984.9220402437259
1.0231621999992058;970.1043838121984
1.1373059000034118;973.4236631434542
1.245115600002464;973.9879168417377
1.352705800003605;975.7008770373855
