TIME;OBJ
0.03965299999981653;337.38896948931426
0.07363040000200272;262.0543470457922
0.10589169999730075;236.57733096775226
0.13732030000392115;225.95267148384175
0.1702618999988772;213.21749112339901
0.2141336999993655;211.71310491259325
